epoch,total_epochs,loss,node_acc,pos_pred,pos_target,graph_acc,hard_neg,hard_pos,pos_weight,node_w,clean_node_loss,pos_page_node_loss,graph_node_loss,val_loss,val_node_p,val_node_r,val_node_f1,val_graph_p,val_graph_r,val_graph_f1,rule_p,rule_r,rule_f1,best_node_f1_so_far,checkpoint_saved
1,30,29.167,0.9815,8.8,2.6,0.5293,2337,3,50.0,19.5,0.0091,1.5612,0.0039,11.7005,0.0,0.0,0.0,0.0,0.0,0.4838,0.1071,0.0178,0.0305,0.0,True
2,30,19.5082,0.9907,0.0,2.6,0.5167,22,3,50.0,21.2,0.0007,1.4271,0.008,10.4484,0.1092,0.0387,0.0571,0.0,0.0,0.4838,0.0097,0.0534,0.0164,0.0571,True
3,30,17.5217,0.9896,0.0,3.8,0.4791,103,4,50.0,23.0,0.0012,1.1567,0.0307,9.3195,0.1196,0.0744,0.0917,0.0,0.0,0.4838,0.0092,0.0772,0.0165,0.0917,True
4,30,16.1646,0.9875,0.0,3.2,0.4749,48,3,50.0,22.5,0.0008,1.1129,0.0331,9.3066,0.3202,0.2173,0.2589,0.0,0.0,0.4838,0.0288,0.0742,0.0415,0.2589,True
5,30,12.9402,0.9897,0.0,3.3,0.4895,62,3,50.0,22.2,0.0008,0.9577,0.0464,11.5039,0.125,0.0208,0.0357,0.0,0.0,0.4838,0.0263,0.0475,0.0338,0.2589,False
6,30,13.5339,0.9879,0.2,3.3,0.5146,64,3,50.0,20.9,0.0007,0.8586,0.0602,8.8852,0.1447,0.0685,0.0929,0.0,0.0,0.4838,0.0192,0.0742,0.0305,0.2589,False
7,30,12.6566,0.9912,0.4,2.5,0.477,59,2,50.0,23.1,0.0008,0.8017,0.106,8.7001,0.1201,0.128,0.1239,0.0,0.0,0.4838,0.0115,0.0682,0.0196,0.2589,False
8,30,9.2265,0.9955,2.1,3.7,0.4854,104,3,50.0,23.2,0.001,0.5857,0.2232,10.4756,0.08,0.0238,0.0367,0.0,0.0,0.4838,0.0171,0.0564,0.0263,0.2589,False
9,30,9.6227,0.9923,1.4,2.7,0.4686,88,3,50.0,22.7,0.0009,0.5289,0.2328,9.1483,0.0489,0.0685,0.0571,0.0,0.0,0.4838,0.0053,0.0831,0.01,0.2589,False
10,30,7.0759,0.9943,1.6,2.1,0.5105,74,2,50.0,21.4,0.0014,0.3998,0.29,12.2184,0.122,0.0298,0.0478,0.0,0.0,0.4838,0.0235,0.0593,0.0336,0.2589,False
11,30,10.3614,0.9942,2.5,3.3,0.4916,111,3,50.0,22.8,0.0009,0.3457,0.3381,11.395,0.0994,0.0476,0.0644,0.0,0.0,0.4838,0.0088,0.0831,0.016,0.2589,False
12,30,8.5505,0.9948,3.3,3.8,0.4749,133,3,50.0,23.5,0.0007,0.3317,0.3573,9.4709,0.2333,0.4464,0.3064,0.0,0.0,0.4838,0.0199,0.4955,0.0383,0.3064,True
13,30,5.8241,0.997,3.2,3.5,0.4707,106,2,50.0,24.0,0.0008,0.1974,0.4031,9.8444,0.2314,0.4524,0.3061,0.0,0.0,0.4838,0.0316,0.4807,0.0593,0.3064,False
14,30,7.405,0.9956,3.2,3.7,0.4812,92,3,50.0,22.3,0.0005,0.2821,0.392,14.1388,0.7157,0.4196,0.5291,0.0,0.0,0.4838,0.1556,0.4303,0.2285,0.5291,True
15,30,5.8981,0.9959,3.2,3.3,0.4728,96,2,50.0,23.2,0.0007,0.2143,0.4078,11.7385,0.0508,0.0446,0.0475,0.0,0.0,0.4838,0.0069,0.0653,0.0125,0.5291,False
16,30,5.1793,0.9973,2.6,2.9,0.4979,72,2,50.0,22.1,0.0006,0.2497,0.3808,14.3026,0.1024,0.0387,0.0562,0.0,0.0,0.4838,0.0561,0.451,0.0998,0.5291,False
17,30,4.4233,0.9958,2.5,2.7,0.5167,73,2,50.0,21.3,0.0005,0.1972,0.398,11.1424,0.2304,0.4464,0.304,0.0,0.0,0.4838,0.023,0.4718,0.0439,0.5291,False
18,30,4.6661,0.9963,2.5,2.9,0.5356,66,2,50.0,20.5,0.0008,0.2435,0.3564,14.8137,0.5441,0.4226,0.4757,0.0,0.0,0.4838,0.036,0.4273,0.0664,0.5291,False
19,30,4.1452,0.9981,1.9,2.1,0.5126,51,1,50.0,21.5,0.0006,0.1947,0.3882,12.1788,0.4141,0.4375,0.4255,0.0,0.0,0.4838,0.0369,0.4599,0.0684,0.5291,False
20,30,4.3474,0.9975,2.6,2.8,0.523,71,2,50.0,21.3,0.0005,0.1565,0.3899,13.6351,0.3389,0.4256,0.3773,0.0,0.0,0.4838,0.0311,0.4451,0.0582,0.5291,False
21,30,7.7533,0.9965,2.1,2.1,0.5209,60,1,50.0,21.2,0.0002,0.2047,0.3886,11.9343,0.3141,0.4375,0.3657,0.0,0.0,0.4838,0.0263,0.4599,0.0498,0.5291,False
22,30,5.0093,0.997,2.4,3.1,0.4895,77,2,50.0,22.0,0.0004,0.2174,0.4032,14.5835,0.5434,0.4286,0.4792,0.0,0.0,0.4838,0.0346,0.4451,0.0642,0.5291,False
23,30,4.9551,0.9966,2.6,2.7,0.4791,69,1,50.0,23.0,0.0005,0.1454,0.441,16.4048,0.0228,0.0208,0.0218,0.0,0.0,0.4838,0.0052,0.0356,0.009,0.5291,False
24,30,3.8741,0.9978,3.7,3.6,0.4874,83,1,50.0,22.6,0.0005,0.1413,0.4202,15.1683,0.5201,0.4226,0.4663,0.0,0.0,0.4838,0.0357,0.4332,0.066,0.5291,False
25,30,6.5238,0.9948,2.2,2.1,0.5251,51,1,50.0,20.5,0.0004,0.2278,0.3869,19.0653,0.1667,0.0208,0.037,0.0,0.0,0.4838,0.0212,0.0356,0.0265,0.5291,False
26,30,3.539,0.9975,2.7,3.0,0.5293,64,1,50.0,20.1,0.0002,0.1904,0.3786,17.9742,0.0714,0.0179,0.0286,0.0,0.0,0.4838,0.0128,0.0415,0.0196,0.5291,False
27,30,4.2616,0.9969,3.1,3.1,0.5356,66,1,50.0,20.1,0.0002,0.1789,0.3935,18.2241,0.6912,0.4196,0.5222,0.0,0.0,0.4838,0.0492,0.4332,0.0884,0.5291,False
28,30,2.9165,0.9976,3.2,3.2,0.4707,64,1,50.0,22.7,0.0002,0.07,0.4589,16.2517,0.5462,0.4226,0.4765,0.0,0.0,0.4838,0.0565,0.4451,0.1002,0.5291,False
29,30,2.5711,0.9987,3.2,3.0,0.523,65,1,50.0,21.7,0.0002,0.0722,0.4104,16.7144,0.0643,0.0327,0.0434,0.0,0.0,0.4838,0.0613,0.4392,0.1076,0.5291,False
30,30,3.4815,0.9978,3.6,3.5,0.4895,77,1,50.0,21.9,0.0001,0.1463,0.4378,22.8043,0.1067,0.0238,0.0389,0.0,0.0,0.4838,0.0091,0.0297,0.0139,0.5291,False
